Compound,Fuel 1,Fuel 2,Fuel 3,Fuel 4,Fuel 5,Fuel 6,Fuel 7,Fuel 8,Fuel 9,Fuel 10,Fuel 11,Fuel 12,Fuel 13,Fuel 14,Fuel 15,Fuel 16,Fuel 20,Fuel 21,Fuel 22,Fuel 23,Fuel 24,Fuel 25,Fuel 26,Fuel 27,Fuel 28,Fuel 29,Fuel 30,Fuel 31
"1,1,3-trimethylcyclopentane",0.038,0.0,0.03,0.035,0.040999999999999995,0.0,0.021,0.0,0.013000000000000001,0.0,0.045,0.0,0.017,0.016,0.021,0.0,0.027000000000000003,0.032,0.026000000000000002,0.040999999999999995,0.027999999999999997,0.0,0.0,0.0,0.0,0.0,0.0,0.015
"1,1-dimethylindane",0.005,0.013000000000000001,0.011000000000000001,0.011000000000000001,0.012,0.011000000000000001,0.015,0.005,0.055,0.044000000000000004,0.01,0.052000000000000005,0.027999999999999997,0.022000000000000002,0.0,0.0,0.0,0.015,0.009000000000000001,0.009000000000000001,0.019,0.037000000000000005,0.049,0.011000000000000001,0.018000000000000002,0.0,0.023,0.0
"1,1-methylethylcyclohexane",0.0,0.025,0.016,0.03,0.025,0.0,0.0,0.024,0.0,0.0,0.016,0.0,0.0,0.0,0.0,0.0,0.012,0.013000000000000001,0.013000000000000001,0.027999999999999997,0.022000000000000002,0.0,0.0,0.025,0.0,0.0,0.0,0.0
"1,2,3,5-tetramethylbenzene",0.265,0.348,0.281,0.317,0.349,0.319,0.32899999999999996,0.33899999999999997,1.247,0.713,0.379,1.193,0.8140000000000001,0.498,0.36700000000000005,0.377,0.28,0.353,0.264,0.29100000000000004,0.306,0.73,1.011,0.268,0.315,0.024,0.525,0.521
"1,2,3-trimethylbenzene",0.35200000000000004,0.349,0.20600000000000002,0.408,0.32,0.23800000000000002,0.382,0.4,0.316,0.7340000000000001,0.259,0.758,0.726,0.35700000000000004,0.355,0.23399999999999999,0.19,0.306,0.203,0.225,0.22,0.711,0.7070000000000001,0.342,0.366,0.091,0.425,0.5820000000000001
"1,2,4,5-tetramethylbenzene",0.195,0.264,0.204,0.24100000000000002,0.247,0.242,0.23199999999999998,0.237,0.902,0.547,0.268,0.867,0.5870000000000001,0.364,0.265,0.26899999999999996,0.204,0.254,0.192,0.222,0.23,0.5379999999999999,0.7390000000000001,0.21,0.235,0.017,0.379,0.375
"1,2,4-triethylbenzene",0.0,0.008,0.006,0.0,0.0,0.0,0.0,0.0,0.0,0.0,0.0,0.0,0.0,0.0,0.0,0.0,0.0,0.0,0.0,0.0,0.0,0.0,0.0,0.006999999999999999,0.0,0.0,0.0,0.0
"1,2,4-trimethylbenzene",1.953,1.933,1.6540000000000001,2.319,2.029,2.0,2.1519999999999997,2.134,1.375,4.131,2.073,4.265,3.9939999999999998,1.8869999999999998,1.95,1.871,1.526,1.943,1.574,1.845,1.723,4.01,3.904,1.91,2.005,0.425,4.291,4.0569999999999995
"1,2-di-i-propylbenzene",0.032,0.048,0.034,0.042,0.039,0.043,0.042,0.040999999999999995,0.162,0.085,0.047,0.152,0.105,0.066,0.047,0.046,0.033,0.039,0.035,0.034,0.04,0.083,0.115,0.033,0.038,0.0,0.059000000000000004,0.059000000000000004
"1,2-diethylbenzene",0.045,0.128,0.039,0.12,0.025,0.128,0.027000000000000003,0.032,0.085,0.099,0.03,0.059000000000000004,0.085,0.106,0.032,0.027999999999999997,0.039,0.03,0.039,0.11599999999999999,0.0,0.079,0.061,0.115,0.027000000000000003,0.0,0.044000000000000004,0.045
"1,2-dimethyl-3-ethylbenzene",0.064,0.083,0.063,0.07200000000000001,0.08199999999999999,0.07,0.098,0.099,0.435,0.312,0.134,0.37,0.331,0.114,0.095,0.133,0.06,0.107,0.061,0.06,0.068,0.163,0.306,0.062,0.083,0.006,0.11699999999999999,0.154
"1,2-dimethyl-4-ethylbenzene",0.256,0.368,0.258,0.345,0.29600000000000004,0.345,0.275,0.272,1.078,0.763,0.327,0.975,0.74,0.489,0.33,0.32799999999999996,0.268,0.318,0.247,0.309,0.308,0.691,0.89,0.28800000000000003,0.309,0.028999999999999998,0.47100000000000003,0.45899999999999996
"1,3,5-triethylbenzene",0.0,0.0,0.0,0.0,0.0,0.0,0.0,0.0,0.006,0.012,0.0,0.006,0.0,0.0,0.0,0.0,0.0,0.004,0.0,0.0,0.0,0.009000000000000001,0.012,0.0,0.006,0.0,0.006999999999999999,0.006
"1,3,5-trimethylbenzene",0.634,0.652,0.606,0.789,0.722,0.758,0.7090000000000001,0.6940000000000001,0.42,1.3619999999999999,0.762,1.391,1.278,0.608,0.626,0.6779999999999999,0.557,0.684,0.5720000000000001,0.711,0.654,1.319,1.274,0.672,0.64,0.127,1.6230000000000002,1.443
"1,3-cyclopentadiene",0.0,0.0,0.0,0.0,0.0,0.0,0.0,0.0,0.0,0.0,0.0,0.0,0.0,0.006,0.006,0.006999999999999999,0.006999999999999999,0.006999999999999999,0.006999999999999999,0.006999999999999999,0.006999999999999999,0.006999999999999999,0.006999999999999999,0.006999999999999999,0.006999999999999999,0.0,0.006999999999999999,0.006999999999999999
"1,3-di-n-propylbenzene",0.028999999999999998,0.038,0.035,0.034,0.044000000000000004,0.034,0.039,0.025,0.141,0.107,0.043,0.135,0.051,0.055999999999999994,0.042,0.043,0.035,0.044000000000000004,0.03,0.033,0.033,0.09,0.125,0.038,0.048,0.0,0.065,0.065
"1,3-diethylbenzene",0.044000000000000004,0.049,0.024,0.054000000000000006,0.040999999999999995,0.025,0.052000000000000005,0.055,0.08,0.095,0.03,0.121,0.107,0.057,0.051,0.027999999999999997,0.023,0.04,0.023,0.024,0.026000000000000002,0.09699999999999999,0.11,0.043,0.048,0.009000000000000001,0.038,0.068
"1,3-dimethyl-2-ethylbenzene",0.405,0.7809999999999999,0.336,0.807,0.034,0.8340000000000001,0.075,0.09,0.6809999999999999,0.6829999999999999,0.231,0.41200000000000003,0.71,0.846,0.252,0.21899999999999997,0.318,0.172,0.321,0.7340000000000001,0.677,0.627,0.451,0.633,0.20600000000000002,0.009000000000000001,0.354,0.239
"1,3-dimethyl-4-ethylbenzene",0.0,0.0,0.0,0.0,0.184,0.0,0.20800000000000002,0.22899999999999998,0.0,0.0,0.0,0.83,0.0,0.0,0.0,0.0,0.0,0.127,0.0,0.0,0.0,0.0,0.361,0.0,0.0,0.023,0.0,0.187
"1,3-dimethyl-5-ethylbenzene",0.11599999999999999,0.136,0.109,0.132,0.149,0.102,0.14300000000000002,0.145,0.384,0.298,0.131,0.41700000000000004,0.299,0.182,0.15,0.128,0.10800000000000001,0.147,0.095,0.10400000000000001,0.09699999999999999,0.301,0.396,0.12,0.146,0.025,0.19,0.222
"1,3-dimethyl-t-cyclohexane",0.17300000000000001,0.0,0.18100000000000002,0.214,0.225,0.0,0.086,0.048,0.055999999999999994,0.022000000000000002,0.26899999999999996,0.0,0.071,0.068,0.087,0.033,0.155,0.17800000000000002,0.168,0.263,0.174,0.0,0.0,0.0,0.0,0.0,0.0,0.07
"1,4,dimethyl-2-ethylbenzene",0.081,0.0,0.091,0.0,0.128,0.0,0.12,0.114,0.384,0.0,0.12300000000000001,0.385,0.222,0.0,0.11900000000000001,0.12,0.0,0.11900000000000001,0.0,0.0,0.0,0.209,0.325,0.0,0.11599999999999999,0.017,0.16,0.17300000000000001
"1,4-di-i-propylbenzene",0.035,0.054000000000000006,0.040999999999999995,0.054000000000000006,0.049,0.048,0.048,0.038,0.196,0.12300000000000001,0.055,0.185,0.11,0.073,0.054000000000000006,0.057999999999999996,0.038,0.05,0.037000000000000005,0.036000000000000004,0.044000000000000004,0.109,0.149,0.038,0.05,0.0,0.07400000000000001,0.073
"1,4-diethylbenzene",0.214,0.45899999999999996,0.18600000000000003,0.436,0.171,0.439,0.174,0.191,0.49,0.493,0.16899999999999998,0.35200000000000004,0.424,0.425,0.16399999999999998,0.14,0.18,0.188,0.17300000000000001,0.415,0.0,0.42,0.353,0.0,0.147,0.018000000000000002,0.245,0.237
"1-ethyl-2,4,5-trimethylbenzen",0.0,0.0,0.0,0.0,0.017,0.0,0.0,0.0,0.0,0.0,0.013999999999999999,0.0,0.0,0.0,0.0,0.0,0.0,0.0,0.0,0.0,0.0,0.0,0.0,0.0,0.0,0.0,0.0,0.0
1-ethyl-4-i-propylbenzene,0.057999999999999996,0.106,0.043,0.111,0.0,0.114,0.012,0.015,0.109,0.099,0.031,0.07,0.105,0.11,0.034,0.03,0.040999999999999995,0.022000000000000002,0.040999999999999995,0.1,0.09300000000000001,0.09,0.068,0.087,0.027000000000000003,0.0,0.045,0.031
1-methyl-2-ethylbenzene,0.38799999999999996,0.359,0.354,0.43799999999999994,0.39799999999999996,0.395,0.41700000000000004,0.40399999999999997,0.272,0.807,0.44,0.8190000000000001,0.755,0.366,0.384,0.39399999999999996,0.325,0.38299999999999995,0.33299999999999996,0.363,0.33899999999999997,0.795,0.778,0.361,0.406,0.098,0.898,0.7859999999999999
1-methyl-2-n-butylbenzene,0.019,0.028999999999999998,0.021,0.026000000000000002,0.026000000000000002,0.027000000000000003,0.026000000000000002,0.022000000000000002,0.10400000000000001,0.06,0.031,0.099,0.057999999999999996,0.038,0.03,0.03,0.02,0.027000000000000003,0.021,0.019,0.023,0.055,0.077,0.02,0.026000000000000002,0.0,0.039,0.039
1-methyl-2-n-propylbenzene,0.045,0.055999999999999994,0.044000000000000004,0.053,0.053,0.046,0.054000000000000006,0.051,0.158,0.11599999999999999,0.055,0.156,0.10400000000000001,0.073,0.057999999999999996,0.054000000000000006,0.043,0.053,0.04,0.043,0.042,0.10300000000000001,0.13699999999999998,0.051,0.057,0.006999999999999999,0.07200000000000001,0.077
1-methyl-2-propyl-cyclopentan,0.0,0.006999999999999999,0.002,0.005,0.0,0.004,0.0,0.006,0.0,0.0,0.0,0.0,0.0,0.0,0.0,0.0,0.0,0.0,0.0,0.004,0.004,0.0,0.0,0.005,0.0,0.0,0.0,0.0
1-methyl-3-ethylbenzene,0.997,0.94,1.034,1.147,1.153,1.193,1.074,1.018,0.6859999999999999,2.178,1.2830000000000001,2.108,1.886,0.9390000000000001,0.988,1.153,0.9540000000000001,1.1079999999999999,0.9690000000000001,1.105,1.011,2.19,2.13,0.996,1.081,0.271,2.697,2.289
1-methyl-3-i-propylbenzene,0.013999999999999999,0.04,0.009000000000000001,0.035,0.023,0.039,0.017,0.021,0.018000000000000002,0.036000000000000004,0.0,0.022000000000000002,0.026000000000000002,0.025,0.009000000000000001,0.0,0.008,0.0,0.009000000000000001,0.045,0.034,0.024,0.021,0.045,0.008,0.0,0.01,0.027999999999999997
1-methyl-3-n-propylbenzene,0.649,1.607,0.499,1.591,0.43200000000000005,1.7309999999999999,0.436,0.528,1.065,1.4769999999999999,0.397,0.847,1.079,1.291,0.433,0.365,0.479,0.491,0.474,1.6740000000000002,1.51,1.138,0.889,1.575,0.39399999999999996,0.036000000000000004,0.59,0.705
1-methyl-4-(1-methylpropyl)be,0.046,0.064,0.045,0.057999999999999996,0.057999999999999996,0.057999999999999996,0.06,0.057999999999999996,0.23,0.12300000000000001,0.067,0.217,0.145,0.092,0.066,0.066,0.045,0.057,0.046,0.047,0.055,0.11900000000000001,0.165,0.048,0.053,0.0,0.084,0.085
1-methyl-4-ethylbenzene,0.475,0.442,0.479,0.5429999999999999,0.535,0.5429999999999999,0.513,0.488,0.325,1.026,0.597,1.013,0.9159999999999999,0.446,0.47200000000000003,0.536,0.442,0.514,0.449,0.49700000000000005,0.45899999999999996,1.026,0.998,0.456,0.508,0.11900000000000001,1.258,1.072
1-methyl-4-i-propylbenzene,0.0,0.0,0.0,0.0,0.0,0.0,0.0,0.0,0.0,0.0,0.0,0.0,0.0,0.19399999999999998,0.042,0.039,0.062,0.083,0.062,0.37799999999999995,0.319,0.134,0.081,0.34700000000000003,0.037000000000000005,0.0,0.065,0.11199999999999999
1-methyl-4-t-butylbenzene,0.0,0.0,0.0,0.0,0.018000000000000002,0.0,0.02,0.026000000000000002,0.122,0.091,0.036000000000000004,0.099,0.09,0.0,0.038,0.034,0.0,0.026000000000000002,0.0,0.0,0.0,0.040999999999999995,0.077,0.0,0.028999999999999998,0.0,0.028999999999999998,0.037000000000000005
1-methylcyclopentene,0.38799999999999996,0.35200000000000004,0.36700000000000005,0.33799999999999997,0.36200000000000004,0.37,0.313,0.313,0.337,0.35100000000000003,0.37,0.379,0.319,0.36200000000000004,0.344,0.353,0.359,0.34600000000000003,0.35600000000000004,0.35700000000000004,0.363,0.354,0.36200000000000004,0.374,0.355,0.0,0.366,0.35100000000000003
1-methylnaphthalene,0.006,0.006999999999999999,0.006,0.006999999999999999,0.005,0.005,0.006,0.006,0.006999999999999999,0.0,0.005,0.005,0.006999999999999999,0.006999999999999999,0.006,0.005,0.005,0.005,0.005,0.005,0.005,0.005,0.005,0.006,0.005,0.005,0.005,0.005
"1-pentene,2,3-dimethyl-",0.0,0.0,0.0,0.0,0.0,0.0,0.0,0.0,0.0,0.040999999999999995,0.0,0.0,0.0,0.0,0.0,0.0,0.0,0.0,0.0,0.0,0.0,0.0,0.0,0.0,0.0,0.0,0.0,0.0
"1c,2-dimethylcyclohexane",0.013000000000000001,0.0,0.016,0.018000000000000002,0.019,0.0,0.0,0.0,0.0,0.0,0.023,0.0,0.0,0.0,0.0,0.0,0.013000000000000001,0.015,0.016,0.024,0.016,0.0,0.0,0.0,0.0,0.0,0.0,0.0
"1c,2t,4-trimethylcyclopentane",0.035,0.0,0.031,0.035,0.04,0.0,0.019,0.0,0.0,0.0,0.045,0.0,0.016,0.015,0.019,0.0,0.027000000000000003,0.032,0.027000000000000003,0.042,0.027999999999999997,0.0,0.0,0.0,0.0,0.009000000000000001,0.0,0.013999999999999999
"1c,3-dimethylcyclopentane",0.195,0.043,0.131,0.12300000000000001,0.163,0.08,0.13,0.086,0.106,0.096,0.179,0.067,0.11599999999999999,0.11800000000000001,0.132,0.10300000000000001,0.11699999999999999,0.141,0.11199999999999999,0.154,0.12,0.068,0.064,0.068,0.067,0.022000000000000002,0.064,0.102
"1t,2-dimethylcyclopentane",0.293,0.033,0.187,0.175,0.24100000000000002,0.094,0.203,0.111,0.147,0.122,0.273,0.059000000000000004,0.158,0.177,0.187,0.133,0.16,0.20600000000000002,0.152,0.23399999999999999,0.165,0.069,0.059000000000000004,0.066,0.068,0.028999999999999998,0.057999999999999996,0.131
"1t,2c,3-trimethylcyclopentane",0.03,0.0,0.027999999999999997,0.031,0.035,0.0,0.015,0.0,0.0,0.0,0.04,0.0,0.0,0.012,0.015,0.0,0.024,0.027999999999999997,0.024,0.038,0.025,0.0,0.0,0.0,0.0,0.0,0.0,0.012
"1t,3-dimethylcyclohexane",0.07400000000000001,0.0,0.084,0.098,0.10300000000000001,0.0,0.035,0.02,0.022000000000000002,0.009000000000000001,0.124,0.0,0.027999999999999997,0.027000000000000003,0.0,0.013999999999999999,0.0,0.0,0.0,0.0,0.081,0.0,0.0,0.0,0.0,0.0,0.0,0.031
"1t,3-dimethylcyclopentane",0.242,0.067,0.17,0.152,0.203,0.11599999999999999,0.161,0.11199999999999999,0.136,0.132,0.223,0.1,0.146,0.15,0.163,0.139,0.152,0.179,0.147,0.19399999999999998,0.157,0.1,0.09699999999999999,0.10099999999999999,0.1,0.025,0.096,0.13699999999999998
1t-butyl-4-ethylbenzene,0.004,0.01,0.006999999999999999,0.015,0.013000000000000001,0.015,0.0,0.0,0.027000000000000003,0.027999999999999997,0.006,0.026000000000000002,0.022000000000000002,0.013000000000000001,0.013000000000000001,0.009000000000000001,0.006,0.009000000000000001,0.0,0.005,0.009000000000000001,0.017,0.023,0.01,0.006999999999999999,0.0,0.013999999999999999,0.013999999999999999
"2,2,3-trimethylbutane",0.053,0.054000000000000006,0.076,0.046,0.025,0.07200000000000001,0.08800000000000001,0.049,0.057,0.047,0.046,0.0,0.099,0.064,0.053,0.047,0.052000000000000005,0.037000000000000005,0.051,0.053,0.04,0.019,0.0,0.067,0.04,0.0,0.0,0.02
"2,2,3-trimethylpentane",0.303,0.713,0.7490000000000001,0.0,0.42200000000000004,0.324,0.0,0.6629999999999999,0.0,0.0,0.079,0.0,0.29600000000000004,0.27699999999999997,0.047,0.358,0.546,0.07400000000000001,0.502,0.057,0.21,0.0,0.0,0.564,0.44799999999999995,0.024,0.0,0.064
"2,2,4-trimethylheptane",0.28,0.387,0.469,0.295,0.439,0.122,0.19699999999999998,0.556,0.0,0.076,0.10300000000000001,0.0,0.081,0.031,0.016,0.25,0.247,0.08800000000000001,0.226,0.046,0.076,0.0,0.0,0.23800000000000002,0.301,0.0,0.0,0.073
"2,2,4-trimethylpentane",1.16,9.991,7.47,4.891,0.25,5.835,11.642999999999999,11.460999999999999,0.016,0.048,0.065,0.0,4.501,13.970999999999998,1.008,3.105,11.022,0.057999999999999996,9.28,1.102,4.298,0.0,0.0,7.529,2.988,0.6659999999999999,0.0,0.054000000000000006
"2,2,5-trimethylhexane",2.094,3.375,3.735,2.255,2.875,1.122,1.37,3.275,0.0,0.52,0.545,0.0,0.862,0.294,0.14300000000000002,1.861,1.994,0.495,1.986,0.17800000000000002,0.614,0.0,0.0,2.0469999999999997,2.367,0.046,0.0,0.42700000000000005
"2,2,6-trimethyloctane",0.0,3.6069999999999998,0.0,2.806,1.445,3.8760000000000003,1.203,0.0,0.37799999999999995,2.1719999999999997,0.162,0.0,0.0,0.0,0.0,0.0,0.344,0.922,0.349,3.878,3.428,0.0,0.297,3.66,0.0,0.018000000000000002,0.253,1.242
"2,2-dimethylbutane",0.31,0.034,0.077,0.133,0.17300000000000001,0.10099999999999999,0.615,0.124,0.153,0.294,0.187,0.322,0.183,0.612,0.251,0.121,0.094,0.126,0.063,0.21600000000000003,0.113,0.264,0.369,0.028999999999999998,0.027999999999999997,0.069,0.52,0.29600000000000004
"2,2-dimethylhexane",0.03,0.0,0.03,0.036000000000000004,0.033,0.0,0.018000000000000002,0.0,0.0,0.0,0.036000000000000004,0.0,0.02,0.016,0.017,0.0,0.027000000000000003,0.027000000000000003,0.025,0.034,0.026000000000000002,0.0,0.0,0.0,0.0,0.013000000000000001,0.0,0.012
"2,2-dimethyloctane",0.017,0.073,0.03,0.057999999999999996,0.045,0.055,0.033,0.063,0.0,0.027999999999999997,0.011000000000000001,0.0,0.01,0.016,0.0,0.013999999999999999,0.019,0.02,0.018000000000000002,0.054000000000000006,0.054000000000000006,0.0,0.0,0.07400000000000001,0.017,0.0,0.0,0.022000000000000002
"2,2-dimethylpropane",0.057,0.016,0.013000000000000001,0.021,0.02,0.008,0.045,0.028999999999999998,0.044000000000000004,0.009000000000000001,0.021,0.028999999999999998,0.034,0.04,0.06,0.016,0.012,0.011000000000000001,0.016,0.006999999999999999,0.015,0.006,0.008,0.016,0.008,0.009000000000000001,0.027999999999999997,0.009000000000000001
"2,3,3-trimethylbutene-1",0.015,0.012,0.013999999999999999,0.011000000000000001,0.013999999999999999,0.013999999999999999,0.0,0.0,0.012,0.013999999999999999,0.013999999999999999,0.011000000000000001,0.0,0.013000000000000001,0.01,0.013000000000000001,0.013000000000000001,0.013000000000000001,0.013000000000000001,0.013999999999999999,0.013999999999999999,0.013000000000000001,0.009000000000000001,0.013999999999999999,0.013999999999999999,0.0,0.01,0.013000000000000001
"2,3,3-trimethylpentane",3.583,6.862,8.453,4.272,4.966,2.6460000000000004,2.9819999999999998,8.802999999999999,0.0,0.0,0.0,0.0,0.0,0.9440000000000001,0.0,3.366,4.74,0.0,4.281000000000001,0.0,1.4609999999999999,0.0,0.0,5.2379999999999995,4.73,0.0,0.0,0.0
"2,3,4-trimethylpentane",2.844,6.067,6.895,3.717,4.456,2.613,2.888,6.897,0.0,0.8059999999999999,0.815,0.0,1.925,1.2670000000000001,0.35200000000000004,3.335,4.276,0.757,3.8960000000000004,0.409,1.575,0.0,0.0,4.452,4.183,0.27699999999999997,0.0,0.662
"2,3,5-trimethylhexane",0.34600000000000003,0.534,0.619,0.363,0.512,0.17600000000000002,0.233,0.635,0.0,0.09,0.10300000000000001,0.0,0.12300000000000001,0.043,0.021,0.32299999999999995,0.33,0.08900000000000001,0.311,0.03,0.091,0.0,0.0,0.319,0.39399999999999996,0.008,0.0,0.077
"2,3-dimethylbutane",0.785,1.239,1.138,0.899,0.46399999999999997,1.479,0.972,0.856,0.607,1.092,0.55,1.591,1.23,0.857,0.804,0.75,1.146,0.449,1.022,1.008,0.972,1.068,1.375,1.335,0.7040000000000001,0.147,1.8769999999999998,1.015
"2,3-dimethylhexane",0.8290000000000001,1.675,1.889,1.073,1.244,0.691,0.74,1.645,0.016,0.22399999999999998,0.27,0.0,0.49,0.27699999999999997,0.11,0.888,1.127,0.24100000000000002,1.062,0.16,0.44799999999999995,0.0,0.0,1.11,1.102,0.091,0.0,0.185
"2,4-dimethylheptane",0.062,0.077,0.113,0.079,0.096,0.027000000000000003,0.037000000000000005,0.07400000000000001,0.0,0.013999999999999999,0.051,0.0,0.019,0.012,0.009000000000000001,0.045,0.069,0.036000000000000004,0.071,0.046,0.042,0.0,0.0,0.043,0.053,0.009000000000000001,0.0,0.018000000000000002
"2,4-dimethylhexane",0.581,1.521,1.433,0.929,0.7020000000000001,0.711,0.846,1.092,0.026000000000000002,0.126,0.192,0.0,0.57,0.62,0.14300000000000002,0.67,1.139,0.163,1.073,0.191,0.515,0.0,0.0,1.022,0.7390000000000001,0.10800000000000001,0.0,0.12300000000000001
"2,4-dimethyloctane",0.012,0.242,0.025,0.184,0.10300000000000001,0.243,0.087,0.114,0.01,0.126,0.0,0.008,0.022000000000000002,0.068,0.006,0.011000000000000001,0.022000000000000002,0.061,0.022000000000000002,0.242,0.22,0.032,0.009000000000000001,0.23199999999999998,0.012,0.0,0.006999999999999999,0.08
"2,4-dimethylpentane",0.424,1.061,0.971,0.654,0.22399999999999998,0.857,0.7,0.585,0.39299999999999996,0.331,0.32,0.152,0.897,0.5820000000000001,0.456,0.5379999999999999,0.82,0.278,0.8170000000000001,0.431,0.601,0.209,0.146,1.014,0.524,0.07400000000000001,0.149,0.207
"2,5-dimethylheptane",0.201,0.255,0.34,0.239,0.303,0.077,0.114,0.29100000000000004,0.006999999999999999,0.043,0.14400000000000002,0.0,0.061,0.027999999999999997,0.02,0.145,0.201,0.099,0.205,0.11599999999999999,0.109,0.0,0.0,0.138,0.187,0.016,0.0,0.049
"2,5-dimethylhexane",0.645,1.59,1.5190000000000001,0.972,0.7809999999999999,0.74,0.971,1.33,0.019,0.135,0.19699999999999998,0.0,0.684,0.748,0.136,0.7290000000000001,1.242,0.16899999999999998,1.155,0.18100000000000002,0.521,0.0,0.0,1.172,0.836,0.084,0.0,0.133
"2,5-dimethyloctane",0.01,0.11199999999999999,0.017,0.085,0.068,0.092,0.032,0.062,0.0,0.064,0.009000000000000001,0.0,0.0,0.019,0.0,0.005,0.012,0.031,0.013000000000000001,0.09300000000000001,0.07400000000000001,0.009000000000000001,0.0,0.10800000000000001,0.006999999999999999,0.0,0.0,0.024
"2,6-dimethylheptane",0.096,0.09699999999999999,0.163,0.13,0.152,0.03,0.051,0.109,0.006999999999999999,0.02,0.09699999999999999,0.0,0.032,0.018000000000000002,0.015,0.057999999999999996,0.105,0.063,0.114,0.08800000000000001,0.071,0.0,0.0,0.057,0.064,0.011000000000000001,0.0,0.032
"2,6-dimethyloctane",0.01,0.071,0.013000000000000001,0.064,0.038,0.069,0.028999999999999998,0.037000000000000005,0.0,0.038,0.011000000000000001,0.0,0.01,0.02,0.0,0.0,0.01,0.021,0.011000000000000001,0.075,0.068,0.01,0.0,0.092,0.0,0.0,0.0,0.025
"2,7-dimethyloctane",0.0,0.054000000000000006,0.0,0.043,0.025,0.026000000000000002,0.019,0.026000000000000002,0.0,0.027999999999999997,0.0,0.0,0.0,0.015,0.0,0.0,0.0,0.015,0.0,0.055999999999999994,0.047,0.0,0.0,0.061,0.0,0.0,0.0,0.018000000000000002
2-ethylbutene-1,0.0,0.076,0.0,0.065,0.0,0.0,0.0,0.0,0.0,0.0,0.0,0.071,0.0,0.0,0.0,0.0,0.069,0.057,0.069,0.0,0.069,0.062,0.07200000000000001,0.071,0.063,0.0,0.07400000000000001,0.064
2-ethylpentene-1,0.0,0.0,0.0,0.0,0.0,0.0,0.0,0.0,0.0,0.0,0.0,0.0,0.0,0.0,0.0,0.0,0.0,0.0,0.0,0.0,0.0,0.0,0.0,0.0,0.0,0.025,0.0,0.0
"2-methyl-1,3-butadiene",0.011000000000000001,0.01,0.01,0.009000000000000001,0.01,0.01,0.009000000000000001,0.008,0.009000000000000001,0.01,0.01,0.011000000000000001,0.009000000000000001,0.01,0.01,0.01,0.011000000000000001,0.01,0.011000000000000001,0.012,0.011000000000000001,0.01,0.01,0.011000000000000001,0.011000000000000001,0.0,0.011000000000000001,0.011000000000000001
2-methyl-2-hexene,0.027999999999999997,0.005,0.027000000000000003,0.006,0.026000000000000002,0.026000000000000002,0.0,0.0,0.005,0.026000000000000002,0.027000000000000003,0.027000000000000003,0.005,0.006999999999999999,0.006,0.026000000000000002,0.026000000000000002,0.025,0.026000000000000002,0.025,0.026000000000000002,0.026000000000000002,0.026000000000000002,0.027000000000000003,0.026000000000000002,0.0,0.025,0.026000000000000002
2-methyl-c-hexene-3,0.043,0.033,0.040999999999999995,0.032,0.04,0.040999999999999995,0.03,0.03,0.032,0.039,0.040999999999999995,0.042,0.03,0.035,0.033,0.04,0.04,0.039,0.04,0.04,0.040999999999999995,0.04,0.040999999999999995,0.040999999999999995,0.04,0.0,0.040999999999999995,0.04
2-methylbutene-1,0.525,0.565,0.503,0.5379999999999999,0.495,0.504,0.49700000000000005,0.5,0.527,0.478,0.507,0.515,0.507,0.589,0.59,0.499,0.514,0.49200000000000005,0.51,0.496,0.516,0.49700000000000005,0.504,0.5379999999999999,0.512,0.013999999999999999,0.524,0.498
2-methylbutene-2,1.084,1.1640000000000001,1.037,1.11,1.018,1.037,1.025,1.031,1.089,0.985,1.041,1.061,1.044,1.213,1.207,1.025,1.053,1.01,1.044,1.021,1.0590000000000002,1.021,1.037,1.101,1.046,0.027000000000000003,1.074,1.0190000000000001
2-methylheptane,0.242,0.086,0.303,0.311,0.33,0.043,0.12300000000000001,0.10800000000000001,0.07200000000000001,0.048,0.332,0.017,0.10099999999999999,0.092,0.10300000000000001,0.08,0.243,0.237,0.248,0.33,0.231,0.019,0.018000000000000002,0.057,0.059000000000000004,0.12,0.017,0.105
2-methylhexane,1.3719999999999999,1.135,1.5659999999999998,1.172,0.978,1.344,1.8619999999999999,1.472,1.062,0.946,1.265,0.444,1.456,1.9369999999999998,1.013,1.003,1.518,0.946,1.3780000000000001,1.2309999999999999,1.0290000000000001,0.552,0.405,1.123,0.805,0.32299999999999995,0.40700000000000003,0.6509999999999999
2-methylhexene-1,0.062,0.027000000000000003,0.059000000000000004,0.026000000000000002,0.057999999999999996,0.057999999999999996,0.024,0.025,0.026000000000000002,0.055999999999999994,0.057999999999999996,0.06,0.025,0.027999999999999997,0.027000000000000003,0.055999999999999994,0.057,0.055,0.055999999999999994,0.055999999999999994,0.057999999999999996,0.055999999999999994,0.057999999999999996,0.059000000000000004,0.055999999999999994,0.0,0.055999999999999994,0.055999999999999994
2-methylindan,0.15799999999999997,0.254,0.17400000000000002,0.248,0.16100000000000003,0.25,0.16099999999999998,0.126,0.528,0.455,0.20900000000000002,0.459,0.449,0.311,0.166,0.158,0.14400000000000002,0.151,0.138,0.22899999999999998,0.22,0.35,0.41000000000000003,0.21800000000000003,0.14500000000000002,0.009000000000000001,0.236,0.219
2-methylnaphthalene,0.01,0.015,0.012,0.013000000000000001,0.009000000000000001,0.012,0.012,0.013000000000000001,0.012,0.009000000000000001,0.01,0.009000000000000001,0.015,0.013000000000000001,0.011000000000000001,0.01,0.011000000000000001,0.009000000000000001,0.011000000000000001,0.01,0.011000000000000001,0.009000000000000001,0.01,0.013000000000000001,0.011000000000000001,0.012,0.01,0.009000000000000001
2-methyloctane,0.055,0.017,0.076,0.096,0.084,0.0,0.019,0.016,0.012,0.0,0.11900000000000001,0.0,0.015,0.013999999999999999,0.017,0.01,0.063,0.064,0.084,0.12,0.083,0.0,0.0,0.024,0.013000000000000001,0.024,0.0,0.025
2-methylpentane,3.405,1.8730000000000002,2.3209999999999997,2.2569999999999997,2.182,6.385,3.67,2.394,3.38,6.263999999999999,2.8339999999999996,10.43,3.0980000000000003,3.627,3.6510000000000002,2.416,2.676,2.318,1.8090000000000002,5.202999999999999,3.123,6.069,7.744,1.825,1.771,0.632,10.806,5.593
2-methylpentene-1,0.237,0.248,0.225,0.23800000000000002,0.222,0.22399999999999998,0.22,0.22,0.23600000000000002,0.215,0.226,0.23199999999999998,0.22399999999999998,0.259,0.25,0.221,0.22399999999999998,0.21600000000000003,0.223,0.221,0.22699999999999998,0.22,0.22399999999999998,0.23399999999999999,0.222,0.0,0.23,0.22
2-methylpentene-2,0.363,0.37799999999999995,0.344,0.361,0.337,0.345,0.33399999999999996,0.335,0.359,0.32899999999999996,0.34600000000000003,0.354,0.34,0.392,0.376,0.336,0.341,0.32899999999999996,0.33899999999999997,0.336,0.345,0.335,0.341,0.355,0.33799999999999997,0.009000000000000001,0.349,0.33299999999999996
"2-pentene,3,4-dimethyl-,(z)-",0.013999999999999999,0.0,0.013999999999999999,0.0,0.013000000000000001,0.017,0.0,0.0,0.0,0.013000000000000001,0.013000000000000001,0.013999999999999999,0.0,0.0,0.0,0.013000000000000001,0.013000000000000001,0.013000000000000001,0.013000000000000001,0.012,0.013000000000000001,0.013000000000000001,0.013000000000000001,0.013000000000000001,0.013000000000000001,0.0,0.013000000000000001,0.013000000000000001
"2-undecene,(e)-",0.034,0.071,0.027999999999999997,0.07200000000000001,0.0,0.075,0.0,0.0,0.0,0.0,0.0,0.032,0.065,0.071,0.02,0.017,0.026000000000000002,0.012,0.026000000000000002,0.062,0.057,0.053,0.035,0.054000000000000006,0.015,0.0,0.027999999999999997,0.017
"3,3-diethylpentane",0.0,0.0,0.004,0.01,0.0,0.0,0.0,0.0,0.0,0.0,0.013999999999999999,0.0,0.0,0.0,0.0,0.0,0.008,0.008,0.01,0.015,0.01,0.0,0.0,0.0,0.0,0.0,0.0,0.0
"3,3-dimethylhexane",0.021,0.0,0.021,0.026000000000000002,0.025,0.0,0.0,0.0,0.0,0.0,0.028999999999999998,0.0,0.0,0.011000000000000001,0.012,0.0,0.019,0.021,0.019,0.027999999999999997,0.019,0.0,0.0,0.0,0.0,0.016,0.0,0.0
"3,3-dimethylpentene-1",0.332,0.34299999999999997,0.315,0.32899999999999996,0.309,0.318,0.304,0.305,0.326,0.303,0.317,0.325,0.311,0.353,0.33799999999999997,0.305,0.308,0.297,0.307,0.307,0.313,0.306,0.311,0.322,0.307,0.009000000000000001,0.316,0.305
"3,5-dimethylcyclopentene",0.0,0.0,0.0,0.0,0.0,0.0,0.0,0.0,0.0,0.0,0.0,0.0,0.0,0.0,0.0,0.0,0.0,0.0,0.0,0.0,0.0,0.0,0.013000000000000001,0.0,0.0,0.0,0.0,0.0
"3,5-dimethylheptane",0.021,0.0,0.034,0.043,0.032,0.0,0.0,0.0,0.0,0.0,0.045,0.0,0.0,0.0,0.0,0.0,0.033,0.028000000000000004,0.037000000000000005,0.045,0.033,0.0,0.0,0.0,0.0,0.0,0.0,0.0
3-decene,0.0,0.0,0.0,0.0,0.0,0.0,0.0,0.0,0.0,0.0,0.0,0.0,0.0,0.0,0.0,0.0,0.0,0.0,0.0,0.0,0.14400000000000002,0.0,0.0,0.0,0.0,0.0,0.0,0.0
3-ethyl-3-methylheptane,0.068,0.48700000000000004,0.066,0.397,0.17800000000000002,0.5329999999999999,0.147,0.191,0.10300000000000001,0.335,0.036000000000000004,0.062,0.11699999999999999,0.22,0.039,0.038,0.061,0.128,0.061,0.525,0.461,0.14,0.069,0.489,0.037000000000000005,0.0,0.055,0.162
3-ethylhexane,0.109,0.0,0.11699999999999999,0.136,0.141,0.0,0.055999999999999994,0.036000000000000004,0.038,0.018000000000000002,0.163,0.0,0.047,0.046,0.055999999999999994,0.026000000000000002,0.1,0.111,0.106,0.16,0.10800000000000001,0.0,0.0,0.0,0.0,0.035,0.0,0.047
3-ethyloctane,0.0,0.0,0.0,0.0,0.0,0.0,0.0,0.0,0.0,0.0,0.0,0.0,0.0,0.0,0.0,0.0,0.0,0.0,0.0,0.0,0.0,0.004,0.006,0.009000000000000001,0.0,0.0,0.008,0.005
3-methyl-5-ethylheptane,0.0,0.0,0.0,0.009000000000000001,0.0,0.0,0.0,0.0,0.0,0.0,0.0,0.0,0.0,0.0,0.0,0.0,0.0,0.0,0.0,0.009000000000000001,0.006999999999999999,0.0,0.0,0.009000000000000001,0.0,0.0,0.0,0.0
3-methyl-c-hexene-2,0.0,0.0,0.0,0.0,0.0,0.0,0.0,0.0,0.0,0.0,0.0,0.0,0.0,0.0,0.0,0.019,0.02,0.019,0.02,0.019,0.02,0.019,0.02,0.02,0.02,0.0,0.019,0.019
3-methyl-c-hexene-3,0.015,0.0,0.013999999999999999,0.0,0.013999999999999999,0.013999999999999999,0.0,0.0,0.0,0.013000000000000001,0.013999999999999999,0.013999999999999999,0.0,0.0,0.0,0.013999999999999999,0.013999999999999999,0.013000000000000001,0.013999999999999999,0.013999999999999999,0.013999999999999999,0.013999999999999999,0.013999999999999999,0.013999999999999999,0.013999999999999999,0.0,0.013999999999999999,0.013999999999999999
3-methyl-c-pentene-2,0.281,0.289,0.266,0.276,0.26,0.26899999999999996,0.256,0.256,0.275,0.255,0.268,0.27399999999999997,0.26,0.298,0.28600000000000003,0.259,0.264,0.255,0.262,0.261,0.267,0.259,0.264,0.27399999999999997,0.261,0.0,0.26899999999999996,0.256
3-methyl-t-hexene-2,0.016,0.0,0.015,0.0,0.015,0.016,0.0,0.0,0.0,0.015,0.016,0.016,0.0,0.0,0.0,0.015,0.015,0.015,0.015,0.016,0.015,0.015,0.015,0.015,0.015,0.0,0.013999999999999999,0.013999999999999999
3-methyl-t-hexene-3,0.022000000000000002,0.0,0.021,0.0,0.02,0.02,0.0,0.0,0.0,0.02,0.02,0.021,0.0,0.0,0.0,0.0,0.0,0.0,0.0,0.0,0.0,0.0,0.0,0.0,0.0,0.0,0.0,0.0
3-methylbutene-1,0.3,0.079,0.297,0.268,0.067,0.258,0.069,0.07,0.073,0.315,0.32899999999999996,0.331,0.07,0.081,0.083,0.17300000000000001,0.225,0.214,0.24100000000000002,0.212,0.23199999999999998,0.19699999999999998,0.19,0.205,0.21899999999999997,0.0,0.184,0.245
3-methylcyclopentene,0.0,0.0,0.0,0.0,0.0,0.0,0.0,0.0,0.0,0.0,0.0,0.0,0.0,0.107,0.109,0.10099999999999999,0.10099999999999999,0.096,0.098,0.1,0.10099999999999999,0.098,0.099,0.10400000000000001,0.099,0.0,0.10400000000000001,0.098
3-methylheptane,0.20600000000000002,0.075,0.263,0.268,0.282,0.042,0.11199999999999999,0.102,0.068,0.046,0.281,0.02,0.092,0.086,0.094,0.076,0.21,0.20199999999999999,0.215,0.278,0.19899999999999998,0.019,0.019,0.051,0.052000000000000005,0.153,0.018000000000000002,0.09300000000000001
3-methylhexane,0.807,0.281,0.662,0.5379999999999999,0.633,0.562,0.755,0.51,0.621,0.546,0.7929999999999999,0.28600000000000003,0.619,0.7240000000000001,0.607,0.515,0.552,0.637,0.515,0.7759999999999999,0.51,0.35200000000000004,0.276,0.364,0.364,0.27699999999999997,0.27699999999999997,0.44
3-methylhexene-1,0.017,0.013000000000000001,0.016,0.013000000000000001,0.016,0.016,0.012,0.012,0.013000000000000001,0.016,0.016,0.017,0.011000000000000001,0.013000000000000001,0.012,0.015,0.015,0.015,0.015,0.016,0.016,0.016,0.016,0.016,0.016,0.0,0.016,0.016
3-methylnonane,0.017,0.016,0.016,0.024,0.018000000000000002,0.019,0.015,0.013999999999999999,0.009000000000000001,0.033,0.023,0.035,0.028999999999999998,0.013999999999999999,0.015,0.016,0.015,0.018000000000000002,0.015,0.023,0.02,0.031,0.031,0.071,0.013999999999999999,0.0,0.042,0.036000000000000004
3-methyloctane,0.061,0.01,0.075,0.096,0.092,0.006999999999999999,0.02,0.016,0.013000000000000001,0.008,0.11599999999999999,0.0,0.016,0.015,0.017,0.01,0.062,0.064,0.081,0.11699999999999999,0.08,0.0,0.0,0.027000000000000003,0.008,0.03,0.0,0.024
3-methylpentane,2.376,1.13,1.751,1.3659999999999999,1.3230000000000002,4.7330000000000005,3.255,1.742,3.158,3.641,2.153,6.239,2.414,3.205,3.049,1.85,1.617,1.745,1.093,3.287,1.9040000000000001,2.968,3.2689999999999997,1.194,1.328,0.342,5.529,2.697
3c-ethylmethylcyclopentane,0.009000000000000001,0.0,0.011000000000000001,0.013000000000000001,0.013000000000000001,0.0,0.0,0.0,0.0,0.0,0.015,0.0,0.0,0.0,0.0,0.0,0.009000000000000001,0.01,0.01,0.015,0.01,0.0,0.0,0.0,0.0,0.005,0.0,0.0
3t-ethylmethylcyclopentane,0.013000000000000001,0.0,0.015,0.017,0.018000000000000002,0.0,0.0,0.0,0.0,0.0,0.022000000000000002,0.0,0.0,0.0,0.0,0.0,0.013000000000000001,0.015,0.013999999999999999,0.022000000000000002,0.015,0.0,0.0,0.0,0.0,0.0,0.0,0.0
"4,7-dimethylindane",0.0,0.022000000000000002,0.0,0.0,0.0,0.016,0.0,0.008,0.013999999999999999,0.013999999999999999,0.0,0.012,0.021,0.008,0.0,0.0,0.0,0.005,0.0,0.0,0.0,0.011000000000000001,0.013999999999999999,0.0,0.0,0.0,0.009000000000000001,0.009000000000000001
4-methyl-c-pentene-2,0.047,0.049,0.045,0.047,0.043,0.043,0.043,0.043,0.046,0.040999999999999995,0.045,0.043,0.044000000000000004,0.053,0.052000000000000005,0.045,0.046,0.045,0.046,0.045,0.046,0.044000000000000004,0.045,0.048,0.046,0.0,0.046,0.044000000000000004
4-methyl-t-pentene-2,0.138,0.146,0.131,0.14,0.129,0.131,0.129,0.129,0.138,0.126,0.132,0.136,0.132,0.152,0.147,0.129,0.132,0.127,0.131,0.129,0.133,0.128,0.131,0.13699999999999998,0.13,0.0,0.134,0.128
4-methyl-t/c-hexene-2,0.054000000000000006,0.039,0.051,0.037000000000000005,0.051,0.053,0.035,0.033,0.037000000000000005,0.05,0.052000000000000005,0.053,0.034,0.040999999999999995,0.038,0.05,0.051,0.049,0.05,0.051,0.051,0.05,0.051,0.052000000000000005,0.05,0.0,0.052000000000000005,0.05
4-methylheptane,0.168,0.184,0.284,0.21100000000000002,0.24,0.077,0.113,0.2,0.031,0.043,0.171,0.01,0.081,0.055999999999999994,0.06,0.114,0.185,0.106,0.18100000000000002,0.126,0.11800000000000001,0.01,0.01,0.122,0.129,0.078,0.009000000000000001,0.057999999999999996
4-methylhexene-1,0.011000000000000001,0.0,0.01,0.0,0.0,0.011000000000000001,0.0,0.0,0.0,0.011000000000000001,0.0,0.012,0.0,0.0,0.0,0.012,0.011000000000000001,0.01,0.011000000000000001,0.011000000000000001,0.012,0.011000000000000001,0.011000000000000001,0.012,0.012,0.0,0.011000000000000001,0.011000000000000001
4-methylindan,0.102,0.13699999999999998,0.115,0.12300000000000001,0.145,0.12300000000000001,0.136,0.145,0.516,0.29100000000000004,0.155,0.493,0.34600000000000003,0.203,0.151,0.153,0.115,0.147,0.10800000000000001,0.114,0.11900000000000001,0.302,0.424,0.105,0.131,0.009000000000000001,0.218,0.218
4-methylnonane,0.012,0.0,0.012,0.022000000000000002,0.013999999999999999,0.013000000000000001,0.011000000000000001,0.01,0.006,0.023,0.018000000000000002,0.018000000000000002,0.017,0.01,0.009000000000000001,0.01,0.011000000000000001,0.015,0.013000000000000001,0.023,0.02,0.022000000000000002,0.021,0.066,0.009000000000000001,0.0,0.027000000000000003,0.027000000000000003
4-methyloctane,0.04,0.0,0.057,0.07,0.062,0.0,0.013999999999999999,0.011000000000000001,0.009000000000000001,0.0,0.08800000000000001,0.0,0.011000000000000001,0.011000000000000001,0.013000000000000001,0.006999999999999999,0.047,0.049,0.063,0.091,0.062,0.0,0.0,0.017,0.0,0.021,0.0,0.019
5-methyl-1-hexene,0.084,0.022000000000000002,0.065,0.051,0.057,0.063,0.08800000000000001,0.054000000000000006,0.083,0.071,0.08199999999999999,0.023,0.08,0.08199999999999999,0.076,0.054000000000000006,0.042,0.068,0.039,0.08199999999999999,0.042,0.038,0.023,0.03,0.037000000000000005,0.022000000000000002,0.023,0.043
5-methylindan,0.077,0.10800000000000001,0.091,0.096,0.107,0.09699999999999999,0.098,0.105,0.37200000000000005,0.235,0.11199999999999999,0.35,0.261,0.153,0.109,0.109,0.09,0.109,0.08,0.092,0.092,0.22899999999999998,0.317,0.08900000000000001,0.10300000000000001,0.006,0.16399999999999998,0.163
5-methylnonane,0.0,0.0,0.0,0.009000000000000001,0.0,0.0,0.0,0.0,0.0,0.01,0.006999999999999999,0.006999999999999999,0.0,0.0,0.0,0.0,0.0,0.006,0.006,0.011000000000000001,0.009000000000000001,0.009000000000000001,0.009000000000000001,0.031,0.0,0.0,0.011000000000000001,0.011000000000000001
benzene,0.831,0.6629999999999999,0.735,0.687,0.624,0.83,0.6829999999999999,0.6459999999999999,0.657,0.645,0.653,0.7070000000000001,0.61,0.652,0.637,0.762,0.743,0.6629999999999999,0.7340000000000001,0.7240000000000001,0.772,0.762,0.726,0.72,0.685,0.142,0.7120000000000001,0.7340000000000001
"benzene,1-methyl-4-(2-methylpropyl)-",0.0,0.0,0.0,0.0,0.0,0.0,0.0,0.0,0.0,0.0,0.0,0.0,0.0,0.057999999999999996,0.043,0.043,0.027999999999999997,0.034,0.031,0.027000000000000003,0.034,0.071,0.098,0.033,0.039,0.0,0.051,0.051
butene-1,0.019,0.027999999999999997,0.018000000000000002,0.026000000000000002,0.018000000000000002,0.019,0.024,0.024,0.025,0.017,0.019,0.019,0.024,0.027999999999999997,0.027999999999999997,0.018000000000000002,0.018000000000000002,0.017,0.018000000000000002,0.018000000000000002,0.019,0.018000000000000002,0.017,0.019,0.018000000000000002,0.055,0.018000000000000002,0.018000000000000002
c-butene-2,0.08900000000000001,0.115,0.085,0.10800000000000001,0.083,0.086,0.1,0.10099999999999999,0.106,0.08,0.087,0.087,0.102,0.11900000000000001,0.121,0.085,0.08800000000000001,0.084,0.08800000000000001,0.085,0.08900000000000001,0.085,0.085,0.09300000000000001,0.08800000000000001,0.066,0.08900000000000001,0.085
c-heptene-3,0.026000000000000002,0.0,0.025,0.0,0.024,0.025,0.0,0.0,0.0,0.024,0.024,0.027000000000000003,0.0,0.0,0.0,0.025,0.024,0.024,0.024,0.023,0.025,0.025,0.026000000000000002,0.026000000000000002,0.025,0.0,0.024,0.024
c-hexene-2,0.228,0.22899999999999998,0.21600000000000003,0.21899999999999997,0.212,0.21600000000000003,0.20199999999999999,0.203,0.217,0.20600000000000002,0.21600000000000003,0.222,0.207,0.23800000000000002,0.22699999999999998,0.21100000000000002,0.214,0.207,0.212,0.212,0.21600000000000003,0.21,0.214,0.222,0.21100000000000002,0.0,0.21899999999999997,0.209
c-pentene-2,0.483,0.509,0.462,0.486,0.452,0.46299999999999997,0.44799999999999995,0.451,0.47600000000000003,0.439,0.465,0.473,0.456,0.531,0.53,0.457,0.47,0.451,0.466,0.456,0.473,0.456,0.46299999999999997,0.49200000000000005,0.46799999999999997,0.01,0.479,0.456
c1-indane-1,0.0,0.0,0.0,0.0,0.0,0.0,0.0,0.0,0.0,0.0,0.0,0.0,0.0,0.0,0.0,0.0,0.0,0.0,0.0,0.0,0.0,0.0,0.0,0.0,0.005,0.0,0.0,0.0
c10-isoolefin-4,0.0,0.006999999999999999,0.002,0.005,0.0,0.004,0.0,0.006,0.0,0.0,0.0,0.0,0.0,0.0,0.0,0.0,0.0,0.0,0.0,0.004,0.004,0.0,0.0,0.005,0.0,0.0,0.0,0.0
c10-isoparaffin-1,0.4,0.562,0.665,0.39399999999999996,0.626,0.172,0.27399999999999997,0.8079999999999999,0.0,0.10800000000000001,0.11800000000000001,0.0,0.115,0.035,0.015,0.371,0.344,0.106,0.31,0.025,0.079,0.0,0.0,0.33299999999999996,0.446,0.006,0.0,0.099
c10-isoparaffin-2,0.01,0.0,0.01,0.02,0.0,0.0,0.0,0.0,0.0,0.0,0.015,0.0,0.0,0.0,0.0,0.0,0.006999999999999999,0.011000000000000001,0.008,0.013999999999999999,0.0,0.0,0.0,0.019,0.0,0.0,0.0,0.0
c10-isoparaffin-x,0.0,0.0,0.0,0.0,0.0,0.0,0.0,0.0,0.0,0.0,0.0,0.0,0.0,0.0,0.0,0.0,0.0,0.0,0.0,0.0,0.0,0.0,0.0,0.0,0.0,0.0,0.0,0.0
c10isoparaffin-1,0.0,0.0,0.0,0.0,0.0,0.0,0.0,0.0,0.0,0.0,0.0,0.0,0.0,0.0,0.0,0.0,0.0,0.0,0.0,0.005,0.006,0.0,0.0,0.01,0.0,0.0,0.0,0.0
c11-aromatic-1,0.0,0.0,0.0,0.0,0.0,0.0,0.0,0.0,0.027000000000000003,0.0,0.0,0.016,0.0,0.0,0.0,0.0,0.0,0.0,0.0,0.0,0.0,0.0,0.006999999999999999,0.0,0.0,0.0,0.0,0.0
c11-aromatic-11,0.016,0.019,0.018000000000000002,0.019,0.025,0.018000000000000002,0.021,0.012,0.078,0.06,0.024,0.07400000000000001,0.026000000000000002,0.031,0.024,0.024,0.019,0.025,0.016,0.019,0.018000000000000002,0.051,0.071,0.021,0.027000000000000003,0.0,0.037000000000000005,0.037000000000000005
c11-aromatic-12,0.01,0.013999999999999999,0.015,0.012,0.0,0.012,0.013000000000000001,0.008,0.043,0.043,0.0,0.042,0.013999999999999999,0.019,0.013999999999999999,0.015,0.015,0.017,0.012,0.013999999999999999,0.012,0.034,0.047,0.019,0.021,0.0,0.025,0.025
c11-aromatic-13,0.0,0.0,0.0,0.0,0.0,0.0,0.0,0.0,0.006,0.006999999999999999,0.0,0.006,0.0,0.0,0.0,0.0,0.0,0.0,0.0,0.0,0.0,0.0,0.006999999999999999,0.0,0.0,0.0,0.0,0.0
c11-aromatic-3,0.045,0.0,0.025,0.0,0.034,0.028999999999999998,0.042,0.049,0.16899999999999998,0.094,0.049,0.153,0.11900000000000001,0.098,0.053,0.053,0.05,0.04,0.052000000000000005,0.06,0.068,0.096,0.11599999999999999,0.0,0.044000000000000004,0.0,0.064,0.059000000000000004
c11-aromatic-4,0.025,0.04,0.028999999999999998,0.036000000000000004,0.03,0.037000000000000005,0.03,0.027000000000000003,0.114,0.071,0.033,0.105,0.071,0.053,0.035,0.035,0.031,0.031,0.03,0.031,0.035,0.068,0.091,0.038,0.034,0.0,0.048,0.047
c11-aromatic-6,0.0,0.0,0.0,0.0,0.0,0.0,0.0,0.0,0.0,0.0,0.0,0.0,0.0,0.0,0.039,0.04,0.032,0.033,0.0,0.0,0.0,0.0,0.0,0.0,0.0,0.0,0.0,0.049
c11-aromatic-7,0.026000000000000002,0.04,0.033,0.04,0.033,0.042,0.034,0.028999999999999998,0.133,0.08,0.04,0.125,0.079,0.051,0.0,0.0,0.0,0.0,0.035,0.027000000000000003,0.037000000000000005,0.07,0.095,0.033,0.036000000000000004,0.0,0.049,0.0
c11-isoparaffin-11,0.445,0.925,0.345,0.986,0.145,1.028,0.172,0.163,0.66,0.8170000000000001,0.0,0.42,0.6579999999999999,0.86,0.242,0.222,0.32799999999999996,0.0,0.0,0.961,0.0,0.6940000000000001,0.469,0.867,0.20800000000000002,0.016,0.37799999999999995,0.315
c11-isoparaffin-13,0.0,0.0,0.0,0.0,0.0,0.0,0.0,0.0,0.0,0.0,0.0,0.0,0.0,0.0,0.0,0.0,0.0,0.0,0.0,0.0,0.0,0.0,0.0,0.024,0.0,0.0,0.0,0.0
c11-isoparaffin-2,0.03,0.306,0.036000000000000004,0.24,0.115,0.32899999999999996,0.092,0.128,0.046,0.192,0.016,0.028999999999999998,0.059000000000000004,0.11699999999999999,0.019,0.02,0.033,0.076,0.033,0.326,0.287,0.068,0.033,0.311,0.02,0.0,0.026000000000000002,0.102
c11-isoparaffin-5,0.0,0.027999999999999997,0.0,0.026000000000000002,0.0,0.027000000000000003,0.0,0.0,0.0,0.02,0.0,0.0,0.0,0.0,0.0,0.0,0.0,0.0,0.0,0.026000000000000002,0.023,0.0,0.0,0.048,0.0,0.0,0.0,0.0
c11-isoparaffin-7,0.19399999999999998,0.5820000000000001,0.16,0.541,0.11599999999999999,0.601,0.111,0.147,0.311,0.43700000000000006,0.106,0.184,0.321,0.445,0.115,0.099,0.152,0.133,0.153,0.5720000000000001,0.527,0.318,0.20600000000000002,0.537,0.094,0.005,0.161,0.192
c11-isoparaffin-8,0.0,0.0,0.0,0.0,0.0,0.0,0.0,0.0,0.0,0.0,0.0,0.0,0.0,0.0,0.0,0.0,0.0,0.0,0.0,0.0,0.0,0.0,0.0,0.01,0.0,0.0,0.0,0.0
c11isoparaffin-4,0.011000000000000001,0.057,0.009000000000000001,0.048,0.018000000000000002,0.062,0.015,0.021,0.016,0.038,0.0,0.011000000000000001,0.019,0.03,0.0,0.0,0.009000000000000001,0.013000000000000001,0.009000000000000001,0.064,0.053,0.019,0.012,0.07,0.0,0.0,0.009000000000000001,0.022000000000000002
c12-aromatic-1,0.0,0.0,0.0,0.0,0.0,0.0,0.0,0.0,0.0,0.006,0.0,0.0,0.0,0.0,0.0,0.017,0.0,0.0,0.0,0.0,0.0,0.005,0.006,0.0,0.0,0.0,0.0,0.023
c12-isoparaffin-1,0.013000000000000001,0.027999999999999997,0.01,0.028999999999999998,0.0,0.03,0.0,0.0,0.025,0.026000000000000002,0.0,0.012,0.027000000000000003,0.027000000000000003,0.008,0.001,0.008,0.0,0.008,0.026000000000000002,0.024,0.02,0.013000000000000001,0.026000000000000002,0.006,0.0,0.011000000000000001,0.005
c12-isoparaffin-4,0.0,0.016,0.006,0.0,0.0,0.006999999999999999,0.0,0.0,0.008,0.0,0.0,0.006999999999999999,0.0,0.005,0.0,0.0,0.004,0.0,0.004,0.0,0.005,0.005,0.006,0.008,0.004,0.0,0.0,0.0
c6-diolefin-1,0.0,0.0,0.0,0.0,0.0,0.0,0.0,0.0,0.0,0.0,0.0,0.0,0.0,0.015,0.013999999999999999,0.015,0.015,0.013999999999999999,0.015,0.015,0.015,0.015,0.015,0.016,0.015,0.0,0.015,0.015
c7-iso-olefin-2,0.024,0.0,0.022000000000000002,0.0,0.022000000000000002,0.023,0.0,0.0,0.0,0.022000000000000002,0.023,0.023,0.0,0.0,0.0,0.022000000000000002,0.021,0.021,0.022000000000000002,0.022000000000000002,0.023,0.022000000000000002,0.023,0.023,0.022000000000000002,0.0,0.023,0.022000000000000002
c7-mononaph-1,0.0,0.0,0.0,0.0,0.0,0.0,0.0,0.0,0.0,0.0,0.0,0.0,0.0,0.0,0.0,0.0,0.027999999999999997,0.0,0.0,0.0,0.0,0.0,0.013999999999999999,0.0,0.0,0.0,0.0,0.0
c8-diolefin-1,0.012,0.0,0.012,0.013000000000000001,0.015,0.0,0.0,0.0,0.0,0.0,0.017,0.0,0.0,0.0,0.0,0.0,0.01,0.012,0.01,0.017,0.011000000000000001,0.0,0.0,0.0,0.0,0.0,0.0,0.0
c8-mononaph-3,0.0,0.0,0.0,0.0,0.0,0.0,0.0,0.0,0.0,0.0,0.0,0.0,0.0,0.0,0.0,0.057999999999999996,0.0,0.0,0.0,0.0,0.0,0.0,0.0,0.0,0.0,0.0,0.0,0.015
c9-isoolefin,0.0,0.0,0.0,0.0,0.0,0.0,0.0,0.0,0.0,0.0,0.0,0.0,0.035,0.0,0.0,0.0,0.0,0.0,0.0,0.0,0.0,0.0,0.0,0.0,0.0,0.0,0.0,0.0
c9-isoolefin-1,0.013000000000000001,0.0,0.019,0.022000000000000002,0.021,0.0,0.0,0.0,0.0,0.0,0.027000000000000003,0.0,0.0,0.0,0.0,0.0,0.016,0.017,0.018000000000000002,0.028999999999999998,0.019,0.0,0.0,0.0,0.0,0.0,0.0,0.0
c9-isoolefin-3,0.011000000000000001,0.017,0.024,0.015,0.02,0.0,0.0,0.02,0.0,0.0,0.0,0.0,0.0,0.0,0.0,0.011000000000000001,0.013999999999999999,0.0,0.013999999999999999,0.0,0.0,0.0,0.0,0.01,0.013999999999999999,0.0,0.0,0.0
c9-napholefin-2,0.0,0.0,0.0,0.0,0.0,0.0,0.0,0.0,0.0,0.0,0.0,0.0,0.0,0.0,0.0,0.0,0.0,0.0,0.0,0.006999999999999999,0.0,0.0,0.0,0.0,0.0,0.0,0.0,0.0
cyclohexane,1.7619999999999998,0.076,1.018,0.778,0.9420000000000001,1.0390000000000001,3.28,0.9390000000000001,1.686,1.301,1.5590000000000002,0.066,1.581,2.978,1.609,0.932,0.474,1.175,0.436,1.4380000000000002,0.517,0.44799999999999995,0.069,0.21600000000000003,0.42200000000000004,0.067,0.065,0.617
cyclohexene,0.047,0.037000000000000005,0.045,0.036000000000000004,0.044000000000000004,0.046,0.033,0.033,0.036000000000000004,0.043,0.045,0.046,0.034,0.039,0.036000000000000004,0.044000000000000004,0.044000000000000004,0.043,0.044000000000000004,0.044000000000000004,0.045,0.044000000000000004,0.045,0.046,0.044000000000000004,0.0,0.045,0.044000000000000004
cyclopentane,0.449,0.109,0.14400000000000002,0.209,0.264,0.134,1.465,0.207,0.242,0.29600000000000004,0.284,0.27,0.27899999999999997,1.5190000000000001,0.36700000000000005,0.21100000000000002,0.15,0.203,0.131,0.235,0.175,0.244,0.313,0.099,0.09300000000000001,0.177,0.375,0.305
"cyclopentane,1-methyl-2-propyl-",0.0,0.0,0.009000000000000001,0.01,0.01,0.0,0.0,0.0,0.0,0.0,0.0,0.0,0.0,0.0,0.0,0.0,0.0,0.0,0.0,0.009000000000000001,0.0,0.0,0.0,0.0,0.0,0.0,0.0,0.0
cyclopentene,0.20600000000000002,0.20199999999999999,0.19699999999999998,0.193,0.193,0.19699999999999998,0.177,0.179,0.19,0.188,0.198,0.20199999999999999,0.18100000000000002,0.21,0.207,0.19399999999999998,0.19899999999999998,0.191,0.19699999999999998,0.19399999999999998,0.2,0.19399999999999998,0.19699999999999998,0.20800000000000002,0.198,0.0,0.203,0.193
"cyclopentene,1,5-dimethyl-",0.02,0.0,0.018000000000000002,0.0,0.018000000000000002,0.019,0.0,0.0,0.0,0.018000000000000002,0.019,0.019,0.0,0.0,0.0,0.018000000000000002,0.018000000000000002,0.018000000000000002,0.018000000000000002,0.018000000000000002,0.018000000000000002,0.018000000000000002,0.019,0.019,0.018000000000000002,0.0,0.018000000000000002,0.017
dimethylindane-1,0.0,0.005,0.004,0.0,0.0,0.0,0.0,0.0,0.019,0.021,0.0,0.018000000000000002,0.0,0.009000000000000001,0.0,0.005,0.004,0.006999999999999999,0.0,0.004,0.0,0.015,0.02,0.006,0.006999999999999999,0.0,0.01,0.01
dimethylindane-2,0.0,0.0,0.0,0.0,0.0,0.0,0.0,0.0,0.006,0.0,0.0,0.005,0.0,0.0,0.0,0.0,0.0,0.0,0.0,0.0,0.0,0.005,0.006999999999999999,0.0,0.0,0.0,0.0,0.0
ethanol,9.196,0.0,9.432,8.767999999999999,0.0,9.506,0.0,0.0,0.0,8.55,8.719,8.547,0.0,0.0,0.0,10.755999999999998,22.54,21.878,22.639,22.401,22.944000000000003,21.767,16.311,16.55,15.958,82.109,10.286,21.748
ethylbenzene,1.02,1.0090000000000001,0.9640000000000001,1.0190000000000001,2.932,0.982,1.23,1.0190000000000001,2.515,2.2119999999999997,3.147,2.185,1.798,1.104,2.658,2.9210000000000003,0.894,2.73,0.95,0.992,1.023,2.126,2.1109999999999998,0.898,2.8510000000000004,0.402,2.19,2.131
ethylcyclohexane,0.107,0.0,0.126,0.147,0.14800000000000002,0.0,0.044000000000000004,0.026000000000000002,0.026000000000000002,0.013000000000000001,0.19699999999999998,0.0,0.037000000000000005,0.035,0.043,0.021,0.10800000000000001,0.11900000000000001,0.131,0.19899999999999998,0.135,0.0,0.0,0.013999999999999999,0.0,0.016,0.0,0.048
ethylcyclopentane,0.052000000000000005,0.0,0.038,0.046,0.055,0.0,0.033,0.02,0.023,0.012,0.057999999999999996,0.0,0.03,0.027999999999999997,0.035,0.024,0.049,0.055999999999999994,0.048,0.066,0.051,0.0,0.0,0.0,0.0,0.07,0.0,0.036000000000000004
"heptane,3-ethyl-",0.0,0.0,0.01,0.013000000000000001,0.0,0.0,0.0,0.0,0.0,0.0,0.017,0.0,0.0,0.0,0.0,0.0,0.008,0.009000000000000001,0.011000000000000001,0.017,0.011000000000000001,0.0,0.0,0.0,0.0,0.006,0.0,0.0
heptene-1,0.031,0.0,0.03,0.0,0.03,0.03,0.0,0.0,0.0,0.027999999999999997,0.03,0.027999999999999997,0.0,0.0,0.0,0.028999999999999998,0.0,0.027999999999999997,0.028999999999999998,0.028999999999999998,0.03,0.027000000000000003,0.013999999999999999,0.03,0.027999999999999997,0.0,0.027999999999999997,0.027999999999999997
hexene-1,0.17,0.17,0.161,0.17,0.159,1.605,0.149,0.151,0.161,0.154,0.162,0.166,0.155,0.17600000000000002,0.16899999999999998,0.157,0.16,0.155,0.159,0.158,0.162,0.157,0.16,0.16699999999999998,0.162,0.0,0.16399999999999998,0.158
i-butane,0.04,0.045,0.053,0.055999999999999994,0.054000000000000006,0.021,0.032,0.04,0.038,0.015,0.07200000000000001,0.028999999999999998,0.037000000000000005,0.035,0.043,0.02,0.052000000000000005,0.047,0.067,0.068,0.066,0.021,0.017,0.021,0.018000000000000002,0.212,0.027000000000000003,0.025
i-butylbenzene,0.094,0.341,0.08,0.28800000000000003,0.183,0.0,0.162,0.213,0.127,0.37,0.054000000000000006,0.11900000000000001,0.17600000000000002,0.195,0.065,0.054000000000000006,0.073,0.16,0.07200000000000001,0.408,0.34700000000000003,0.21,0.11,0.0,0.059000000000000004,0.0,0.085,0.19399999999999998
i-butylcyclohexane,0.0,0.051,0.0,0.040999999999999995,0.021,0.059000000000000004,0.017,0.023,0.008,0.035,0.0,0.0,0.01,0.02,0.0,0.0,0.006999999999999999,0.013000000000000001,0.0,0.0,0.051,0.011000000000000001,0.006999999999999999,0.065,0.0,0.0,0.0,0.018000000000000002
i-pentane,16.207,4.953,4.188,5.063,5.547000000000001,3.5989999999999998,10.444,4.684,12.2,3.483,4.942,12.205,7.2589999999999995,10.707,13.475999999999999,4.822,4.183,3.812,4.158,3.117,4.078,2.491,11.933,4.266,3.147,1.8330000000000002,12.884,3.658
i-propylbenzene,0.035,0.033,0.032,0.04,0.038,0.03,0.031,0.033,0.035,0.032,0.04,0.039,0.038,0.032,0.035,0.032,0.03,0.032,0.031,0.035,0.032,0.035,0.037000000000000005,0.028999999999999998,0.033,0.022000000000000002,0.033,0.03
i-propylcyclopentane,0.0,0.032,0.0,0.0,0.0,0.0,0.0,0.0,0.0,0.0,0.0,0.0,0.0,0.0,0.0,0.018000000000000002,0.0,0.0,0.0,0.0,0.0,0.0,0.0,0.0,0.0,0.0,0.0,0.0
indan,0.124,0.214,0.076,0.213,0.122,0.184,0.138,0.156,0.138,0.29600000000000004,0.081,0.252,0.261,0.16699999999999998,0.11699999999999999,0.076,0.07,0.11900000000000001,0.07200000000000001,0.106,0.099,0.258,0.248,0.223,0.12,0.022000000000000002,0.135,0.21899999999999997
indene,0.435,1.607,0.386,1.415,0.384,1.66,0.358,0.47100000000000003,0.703,1.131,0.24100000000000002,0.41100000000000003,0.745,1.0859999999999999,0.271,0.239,0.365,0.374,0.36700000000000005,1.591,1.454,0.733,0.46,1.4809999999999999,0.22699999999999998,0.012,0.368,0.519
isobutene,0.016,0.024,0.015,0.022000000000000002,0.015,0.015,0.02,0.02,0.022000000000000002,0.013999999999999999,0.015,0.016,0.02,0.026000000000000002,0.026000000000000002,0.016,0.017,0.015,0.017,0.016,0.017,0.016,0.016,0.017,0.017,0.073,0.017,0.016
m-xylene,2.565,2.374,2.568,2.559,7.862,2.519,2.93,2.759,6.074,5.682,7.983,5.346,4.994,2.6689999999999996,6.428999999999999,7.17,2.374,7.325,2.418,2.73,2.6069999999999998,5.4239999999999995,5.388999999999999,2.242,7.294,1.042,5.749,5.649
methylcyclohexane,1.5419999999999998,0.027999999999999997,1.0170000000000001,1.295,1.455,0.08900000000000001,0.977,0.513,0.66,0.308,1.61,0.042,0.802,0.795,1.0070000000000001,0.43,0.8859999999999999,1.1340000000000001,0.848,1.3769999999999998,0.929,0.057999999999999996,0.045,0.052000000000000005,0.054000000000000006,0.094,0.042,0.542
methylcyclopentane,2.373,0.816,1.49,1.337,1.4569999999999999,1.672,2.886,1.5330000000000001,2.72,1.7990000000000002,2.055,0.763,2.129,2.8310000000000004,2.852,1.565,1.028,1.63,0.998,1.892,1.09,1.055,0.74,0.8909999999999999,1.035,0.201,0.746,1.205
n-butane,0.308,7.61,1.1079999999999999,4.744,2.583,1.053,0.455,7.517,4.275,1.079,4.178999999999999,1.89,1.534,0.379,4.842,1.038,0.479,0.9259999999999999,4.928,0.504,4.614,4.881,2.109,1.395,1.703,1.528,2.2159999999999997,0.597
n-butanol,0.0,0.0,0.0,0.0,0.0,0.0,0.0,0.0,0.0,0.0,0.0,0.0,0.0,0.051,0.047,0.055,0.055,0.053,0.055,0.055,0.055999999999999994,0.055,0.055999999999999994,0.057999999999999996,0.055,0.0,0.055999999999999994,0.054000000000000006
n-butylbenzene,0.0,0.0,0.0,0.0,0.0,0.0,0.0,0.0,0.0,0.0,0.0,0.077,0.0,0.0,0.03,0.024,0.0,0.0,0.0,0.0,0.0,0.0,0.067,0.0,0.03,0.0,0.0,0.037000000000000005
n-butylcyclohexane,0.0,0.002,0.0,0.002,0.0,0.002,0.0,0.0,0.0,0.0,0.0,0.0,0.0,0.0,0.0,0.0,0.0,0.0,0.0,0.003,0.0,0.0,0.0,0.011000000000000001,0.0,0.0,0.0,0.0
n-decane,0.064,0.062,0.04,0.08900000000000001,0.057,0.06,0.066,0.062,0.043,0.102,0.055,0.099,0.106,0.042,0.026000000000000002,0.017,0.02,0.028999999999999998,0.024,0.040999999999999995,0.039,0.0,0.033,0.303,0.016,0.008,0.039,0.04
n-dodecane,0.0,0.0,0.0,0.0,0.0,0.0,0.0,0.0,0.0,0.0,0.0,0.0,0.0,0.0,0.0,0.0,0.0,0.0,0.0,0.0,0.0,0.0,0.0,0.005,0.0,0.0,0.0,0.0
n-heptane,0.905,0.092,0.6890000000000001,0.76,0.8759999999999999,0.21,0.5820000000000001,0.297,0.45399999999999996,0.285,0.983,0.095,0.431,0.502,0.5579999999999999,0.327,0.584,0.733,0.541,0.909,0.583,0.126,0.096,0.11199999999999999,0.12,0.289,0.091,0.376
n-hexane,3.9810000000000003,0.455,2.728,1.171,1.508,4.467,6.645,2.529,6.582000000000001,4.38,3.8539999999999996,0.426,4.196000000000001,6.2860000000000005,5.71,3.053,0.8390000000000001,2.865,0.789,4.274,0.91,1.796,0.413,0.963,1.709,0.39899999999999997,0.415,1.5730000000000002
n-nonane,0.294,0.27399999999999997,0.42700000000000005,0.442,0.44299999999999995,0.107,0.192,0.363,0.031,0.069,0.276,0.0,0.086,0.062,0.049,0.156,0.278,0.19899999999999998,0.284,0.28300000000000003,0.228,0.013000000000000001,0.006,0.27899999999999997,0.177,0.036000000000000004,0.0,0.11
n-octane,0.425,0.027999999999999997,0.546,0.638,0.638,0.025,0.17300000000000001,0.08900000000000001,0.122,0.053,0.785,0.018000000000000002,0.152,0.14400000000000002,0.174,0.07400000000000001,0.47200000000000003,0.518,0.522,0.81,0.536,0.023,0.02,0.026000000000000002,0.021,0.138,0.02,0.201
n-pentane,4.874,0.877,1.166,1.905,2.6069999999999998,0.83,3.315,1.9069999999999998,2.3609999999999998,1.652,2.838,0.8190000000000001,2.6069999999999998,2.987,3.7769999999999997,2.215,1.183,1.956,1.146,1.264,1.445,0.812,0.838,0.8759999999999999,0.821,1.652,0.8320000000000001,1.7630000000000001
n-pentylbenzene,0.011000000000000001,0.016,0.011000000000000001,0.013999999999999999,0.013000000000000001,0.013999999999999999,0.015,0.012,0.057,0.038,0.017,0.053,0.03,0.023,0.017,0.017,0.011000000000000001,0.013000000000000001,0.012,0.011000000000000001,0.013999999999999999,0.027999999999999997,0.039,0.015,0.017,0.0,0.02,0.02
n-propanol,0.11199999999999999,0.198,0.10099999999999999,0.19,0.11199999999999999,0.182,0.174,0.17600000000000002,0.188,0.172,0.182,0.18600000000000003,0.111,0.081,0.077,0.078,0.081,0.076,0.079,0.07400000000000001,0.07200000000000001,0.078,0.075,0.079,0.076,0.0,0.077,0.073
n-propylbenzene,0.255,0.268,0.275,0.311,0.307,0.331,0.276,0.262,0.188,0.54,0.331,0.49,0.431,0.249,0.249,0.297,0.253,0.287,0.255,0.315,0.29100000000000004,0.546,0.53,0.295,0.27899999999999997,0.077,0.65,0.5489999999999999
n-undecane,0.051,0.095,0.032,0.10099999999999999,0.011000000000000001,0.105,0.016,0.013999999999999999,0.099,0.09699999999999999,0.025,0.066,0.096,0.08800000000000001,0.027000000000000003,0.024,0.03,0.018000000000000002,0.03,0.086,0.08,0.083,0.063,0.124,0.025,0.004,0.034,0.027000000000000003
naphthalene,0.061,0.10400000000000001,0.11599999999999999,0.085,0.11800000000000001,0.086,0.081,0.055,0.23399999999999999,0.24600000000000002,0.08,0.218,0.102,0.109,0.079,0.085,0.11199999999999999,0.11800000000000001,0.076,0.095,0.076,0.233,0.32,0.11699999999999999,0.124,0.016,0.171,0.16899999999999998
o-xylene,0.91,0.836,0.88,0.8959999999999999,2.125,0.812,0.9309999999999999,1.0070000000000001,1.7,1.4709999999999999,2.286,1.578,1.607,0.8690000000000001,1.771,2.035,0.79,1.93,0.847,0.8909999999999999,0.882,1.395,1.3980000000000001,0.722,1.8459999999999999,0.562,1.538,1.5230000000000001
p-xylene,1.157,1.112,1.135,1.136,3.682,1.16,1.4,1.2670000000000001,2.846,2.5860000000000003,3.714,2.512,2.2969999999999997,1.242,3.031,3.429,1.058,3.3810000000000002,1.08,1.181,1.167,2.4659999999999997,2.444,1.0190000000000001,3.389,0.441,2.6630000000000003,2.623
pentene-1,0.34600000000000003,0.361,0.331,0.345,0.325,0.332,0.317,0.32,0.336,0.315,0.33399999999999996,0.33899999999999997,0.32299999999999995,0.377,0.37799999999999995,0.32799999999999996,0.33799999999999997,0.324,0.335,0.327,0.34,0.32799999999999996,0.331,0.355,0.337,0.008,0.345,0.32799999999999996
propane,0.003,0.001,0.006,0.005,0.006999999999999999,0.0,0.001,0.001,0.001,0.001,0.008,0.0,0.001,0.001,0.002,0.001,0.006,0.006999999999999999,0.006,0.008,0.006999999999999999,0.001,0.0,0.0,0.0,0.006999999999999999,0.0,0.002
t-butene-2,0.075,0.10300000000000001,0.071,0.095,0.071,0.073,0.08800000000000001,0.08900000000000001,0.094,0.067,0.073,0.07400000000000001,0.08900000000000001,0.106,0.107,0.07200000000000001,0.07400000000000001,0.071,0.075,0.07200000000000001,0.075,0.07200000000000001,0.07200000000000001,0.079,0.075,0.107,0.075,0.07200000000000001
t-butylbenzene,0.0,0.0,0.006999999999999999,0.0,0.0,0.0,0.0,0.0,0.0,0.0,0.0,0.0,0.0,0.0,0.0,0.0,0.0,0.0,0.0,0.0,0.0,0.0,0.0,0.0,0.0,0.0,0.0,0.0
t-heptene-2,0.017,0.0,0.017,0.0,0.015,0.016,0.0,0.0,0.0,0.013999999999999999,0.013999999999999999,0.013999999999999999,0.0,0.0,0.0,0.013999999999999999,0.013000000000000001,0.013000000000000001,0.013000000000000001,0.012,0.012,0.013000000000000001,0.012,0.012,0.013000000000000001,0.0,0.012,0.015
t-heptene-3,0.035,0.017,0.033,0.017,0.032,0.033,0.016,0.016,0.017,0.031,0.033,0.034,0.016,0.018000000000000002,0.017,0.031,0.032,0.031,0.031,0.031,0.032,0.031,0.032,0.033,0.032,0.0,0.032,0.031
t-hexene-2,0.535,0.539,0.508,0.516,0.498,0.51,0.47600000000000003,0.47700000000000004,0.512,0.486,0.511,0.523,0.484,0.452,0.428,0.395,0.40299999999999997,0.391,0.402,0.39799999999999996,0.409,0.397,0.406,0.42100000000000004,0.39899999999999997,0.0,0.41100000000000003,0.39399999999999996
t-hexene-3,0.27899999999999997,0.284,0.265,0.272,0.26,0.26899999999999996,0.251,0.252,0.27,0.253,0.266,0.273,0.256,0.295,0.28300000000000003,0.259,0.263,0.254,0.261,0.26,0.266,0.258,0.263,0.27399999999999997,0.26,0.0,0.26899999999999996,0.257
t-pentene-2,0.8809999999999999,0.93,0.843,0.888,0.826,0.843,0.82,0.825,0.87,0.8009999999999999,0.847,0.862,0.835,0.971,0.97,0.8340000000000001,0.858,0.823,0.85,0.831,0.862,0.8320000000000001,0.843,0.898,0.8540000000000001,0.019,0.8740000000000001,0.8320000000000001
tert-pentylbenzene,0.045,0.059000000000000004,0.044000000000000004,0.054000000000000006,0.059000000000000004,0.053,0.06,0.055999999999999994,0.235,0.13,0.069,0.22399999999999998,0.138,0.091,0.069,0.07,0.046,0.06,0.049,0.045,0.054000000000000006,0.12300000000000001,0.172,0.049,0.057999999999999996,0.0,0.08900000000000001,0.08800000000000001
toluene,6.056,5.145,5.234,5.622999999999999,17.346,5.273,6.716,5.772,17.964000000000002,12.177,17.283,10.784,16.637,5.8839999999999995,19.51,16.516,5.029,16.289,5.209,5.523,5.223,11.289000000000001,10.715,5.106,15.435,2.551,12.074000000000002,12.625
"trans-1,3-diethylcyclopentane",0.017,0.0,0.022000000000000002,0.032,0.026000000000000002,0.0,0.0,0.0,0.0,0.0,0.031,0.0,0.0,0.005,0.006999999999999999,0.0,0.017,0.019,0.02,0.033,0.02,0.0,0.0,0.013000000000000001,0.0,0.0,0.0,0.006999999999999999
"trans-1,3-pentadiene",0.016,0.013999999999999999,0.015,0.013999999999999999,0.015,0.015,0.012,0.012,0.013999999999999999,0.015,0.016,0.016,0.013000000000000001,0.015,0.015,0.015,0.016,0.015,0.015,0.015,0.016,0.015,0.016,0.016,0.016,0.0,0.016,0.015
unidentified,2.117,5.1949999999999985,2.472,5.054999999999999,1.6219999999999999,5.392999999999999,1.9469999999999996,3.206999999999999,2.343999999999999,3.398000000000001,1.211,1.112,2.693,4.505999999999999,1.162,1.2959999999999996,1.8329999999999995,1.432,2.043,4.668000000000001,5.182999999999999,2.83,1.3019999999999998,5.044,1.465,0.19699999999999998,1.2690000000000001,1.4369999999999998
